,RunTime,Accuracy,Bal_Acc,Precision,Recall,F1,AUC,Year,Clf,Scaling,Sampling
2013_LR,0:00:10.446828,0.6415,0.634,0.2408,0.6231,0.6908,0.684,2013,LR,non,non
2013_LR_norm,0:00:15.668892,0.1537,0.5003,0.1532,0.9999,0.0419,0.6847,2013,LR,norm,non
2013_LR_stand,0:00:10.604943,0.5749,0.6322,0.2229,0.7147,0.6335,0.6804,2013,LR,stand,non
2013_LR_SMOTE,0:00:12.265173,0.6348,0.6348,0.6375,0.6247,0.6347,0.6863,2013,LR,non,SMOTE
2013_LR_SMOTE_norm,0:00:17.542452,0.5003,0.5003,0.5002,1.0,0.3341,0.6479,2013,LR,norm,SMOTE
2013_LR_SMOTE_stand,0:00:12.160419,0.6309,0.6309,0.6279,0.6429,0.6309,0.6799,2013,LR,stand,SMOTE
2013_LR_RandomUnder,0:00:10.190074,0.6326,0.6326,0.6352,0.6231,0.6326,0.6821,2013,LR,non,RandomUnder
2013_LR_RandomUnder_norm,0:00:15.704367,0.5003,0.5003,0.5001,0.9999,0.3341,0.6835,2013,LR,norm,RandomUnder
2013_LR_RandomUnder_stand,0:00:10.316353,0.6322,0.6322,0.6299,0.6414,0.6322,0.6791,2013,LR,stand,RandomUnder
2013_NB,0:00:10.121736,0.799,0.574,0.3075,0.2497,0.7903,0.6729,2013,NB,non,non
2013_NB_norm,0:00:10.207452,0.8469,0.5,0.0,0.0,0.7767,0.5751,2013,NB,norm,non
2013_NB_stand,0:00:10.163148,0.8469,0.5,0.0,0.0,0.7767,0.5659,2013,NB,stand,non
2013_NB_SMOTE,0:00:12.324301,0.5591,0.5591,0.6838,0.2199,0.5018,0.6832,2013,NB,non,SMOTE
2013_NB_SMOTE_norm,0:00:12.034166,0.5,0.5,0.0,0.0,0.3333,0.563,2013,NB,norm,SMOTE
2013_NB_SMOTE_stand,0:00:12.198068,0.5,0.5,0.0,0.0,0.3333,0.5527,2013,NB,stand,SMOTE
2013_NB_RandomUnder,0:00:10.067542,0.5726,0.5726,0.7048,0.2497,0.5228,0.6707,2013,NB,non,RandomUnder
2013_NB_RandomUnder_norm,0:00:09.709392,0.5,0.5,0.0,0.0,0.3333,0.5722,2013,NB,norm,RandomUnder
2013_NB_RandomUnder_stand,0:00:09.769453,0.5,0.5,0.0,0.0,0.3333,0.5558,2013,NB,stand,RandomUnder
2013_DT,0:00:09.791189,0.5773,0.6274,0.2214,0.6995,0.6358,0.6687,2013,DT,non,non
2013_DT_norm,0:00:09.882805,0.5038,0.6176,0.2055,0.7817,0.5644,0.6473,2013,DT,norm,non
2013_DT_stand,0:00:09.853673,0.4446,0.608,0.1955,0.8436,0.499,0.6515,2013,DT,stand,non
2013_DT_SMOTE,0:00:11.402730,0.6315,0.6315,0.6141,0.7077,0.6293,0.6556,2013,DT,non,SMOTE
2013_DT_SMOTE_norm,0:00:11.694479,0.6354,0.6354,0.5993,0.8172,0.6229,0.6527,2013,DT,norm,SMOTE
2013_DT_SMOTE_stand,0:00:11.639808,0.6354,0.6354,0.5993,0.8172,0.6229,0.6445,2013,DT,stand,SMOTE
2013_DT_RandomUnder,0:00:09.623312,0.6265,0.6265,0.6104,0.6995,0.6245,0.6661,2013,DT,non,RandomUnder
2013_DT_RandomUnder_norm,0:00:09.673921,0.6168,0.6168,0.5878,0.7817,0.6061,0.6454,2013,DT,norm,RandomUnder
2013_DT_RandomUnder_stand,0:00:09.676620,0.6168,0.6168,0.5878,0.7817,0.6061,0.6518,2013,DT,stand,RandomUnder
2013_RF,0:00:27.184191,0.8464,0.5036,0.4312,0.0093,0.7791,0.6739,2013,RF,non,non
2013_RF_norm,0:00:23.770079,0.8469,0.5,0.0,0.0,0.7767,0.6052,2013,RF,norm,non
2013_RF_stand,0:00:23.544574,0.8469,0.5,0.0,0.0,0.7767,0.6039,2013,RF,stand,non
2013_RF_SMOTE,0:00:34.088439,0.5036,0.5036,0.8078,0.0094,0.3431,0.673,2013,RF,non,SMOTE
2013_RF_SMOTE_norm,0:00:29.795098,0.5,0.5,0.0,0.0,0.3333,0.5806,2013,RF,norm,SMOTE
2013_RF_SMOTE_stand,0:00:27.720421,0.5,0.5,0.0,0.0,0.3333,0.5854,2013,RF,stand,SMOTE
2013_RF_RandomUnder,0:00:21.665626,0.5036,0.5036,0.807,0.0093,0.3431,0.6707,2013,RF,non,RandomUnder
2013_RF_RandomUnder_norm,0:00:19.448502,0.5,0.5,0.0,0.0,0.3333,0.6067,2013,RF,norm,RandomUnder
2013_RF_RandomUnder_stand,0:00:19.346822,0.5,0.5,0.0,0.0,0.3333,0.6027,2013,RF,stand,RandomUnder
2013_XGB,0:00:13.716790,0.8398,0.5131,0.3231,0.0422,0.7841,0.6661,2013,XGB,non,non
2013_XGB_norm,0:00:13.826051,0.8371,0.5056,0.232,0.0277,0.779,0.582,2013,XGB,norm,non
2013_XGB_stand,0:00:13.946482,0.8423,0.5022,0.2207,0.012,0.7777,0.5746,2013,XGB,stand,non
2013_XGB_SMOTE,0:00:15.497940,0.5026,0.5026,0.5695,0.0211,0.3525,0.6764,2013,XGB,non,SMOTE
2013_XGB_SMOTE_norm,0:00:15.937322,0.5008,0.5008,0.523,0.0182,0.3492,0.5853,2013,XGB,norm,SMOTE
2013_XGB_SMOTE_stand,0:00:16.087504,0.5002,0.5002,0.526,0.0049,0.3378,0.5785,2013,XGB,stand,SMOTE
2013_XGB_RandomUnder,0:00:13.474922,0.5124,0.5124,0.7075,0.0422,0.374,0.6624,2013,XGB,non,RandomUnder
2013_XGB_RandomUnder_norm,0:00:14.545382,0.5052,0.5052,0.6156,0.0277,0.3591,0.5831,2013,XGB,norm,RandomUnder
2013_XGB_RandomUnder_stand,0:00:13.437771,0.5018,0.5018,0.6436,0.0082,0.3413,0.5802,2013,XGB,stand,RandomUnder
2014_LR,0:00:11.447971,0.6428,0.6378,0.2723,0.6301,0.6849,0.6912,2014,LR,non,non
2014_LR_norm,0:00:15.323980,0.1747,0.5004,0.174,0.9999,0.0532,0.6955,2014,LR,norm,non
2014_LR_stand,0:00:12.159602,0.5725,0.6374,0.2513,0.7369,0.6229,0.6922,2014,LR,stand,non
2014_LR_SMOTE,0:00:15.410820,0.6403,0.6403,0.6418,0.6353,0.6403,0.6927,2014,LR,non,SMOTE
2014_LR_SMOTE_norm,0:00:19.329214,0.5005,0.5005,0.5002,1.0,0.3345,0.6536,2014,LR,norm,SMOTE
2014_LR_SMOTE_stand,0:00:16.316231,0.6392,0.6392,0.6324,0.6649,0.639,0.6889,2014,LR,stand,SMOTE
2014_LR_RandomUnder,0:00:11.285331,0.6359,0.6359,0.6375,0.6301,0.6359,0.6896,2014,LR,non,RandomUnder
2014_LR_RandomUnder_norm,0:00:14.947958,0.5005,0.5005,0.5003,0.9999,0.3346,0.6935,2014,LR,norm,RandomUnder
2014_LR_RandomUnder_stand,0:00:11.838801,0.6376,0.6376,0.6311,0.6622,0.6374,0.6904,2014,LR,stand,RandomUnder
2014_NB,0:00:11.254932,0.781,0.5874,0.3457,0.2904,0.7733,0.6818,2014,NB,non,non
2014_NB_norm,0:00:11.589044,0.8261,0.5,0.0,0.0,0.7474,0.5874,2014,NB,norm,non
2014_NB_stand,0:00:11.458264,0.8261,0.5,0.0,0.0,0.7474,0.5849,2014,NB,stand,non
2014_NB_SMOTE,0:00:15.742316,0.5721,0.5721,0.692,0.2599,0.5259,0.6893,2014,NB,non,SMOTE
2014_NB_SMOTE_norm,0:00:16.312876,0.5,0.5,0.0,0.0,0.3333,0.5782,2014,NB,norm,SMOTE
2014_NB_SMOTE_stand,0:00:16.309757,0.5,0.5,0.0,0.0,0.3333,0.5711,2014,NB,stand,SMOTE
2014_NB_RandomUnder,0:00:10.422235,0.5865,0.5865,0.7119,0.2904,0.5467,0.6804,2014,NB,non,RandomUnder
2014_NB_RandomUnder_norm,0:00:10.449411,0.5,0.5,0.0,0.0,0.3333,0.5848,2014,NB,norm,RandomUnder
2014_NB_RandomUnder_stand,0:00:10.405127,0.5,0.5,0.0,0.0,0.3333,0.5763,2014,NB,stand,RandomUnder
2014_DT,0:00:10.563180,0.5597,0.6318,0.2461,0.7423,0.6109,0.6771,2014,DT,non,non
2014_DT_norm,0:00:10.934121,0.4789,0.6195,0.2278,0.8352,0.5261,0.6339,2014,DT,norm,non
2014_DT_stand,0:00:10.744825,0.3915,0.5951,0.2103,0.9074,0.4182,0.609,2014,DT,stand,non
2014_DT_SMOTE,0:00:14.697555,0.6369,0.6369,0.6112,0.7526,0.632,0.6951,2014,DT,non,SMOTE
2014_DT_SMOTE_norm,0:00:15.233549,0.6302,0.6302,0.5896,0.8566,0.6102,0.6787,2014,DT,norm,SMOTE
2014_DT_SMOTE_stand,0:00:15.079514,0.6302,0.6302,0.5896,0.8566,0.6102,0.6784,2014,DT,stand,SMOTE
2014_DT_RandomUnder,0:00:10.279259,0.6313,0.6313,0.6074,0.7423,0.6267,0.6745,2014,DT,non,RandomUnder
2014_DT_RandomUnder_norm,0:00:10.436104,0.6176,0.6176,0.582,0.8352,0.5986,0.6307,2014,DT,norm,RandomUnder
2014_DT_RandomUnder_stand,0:00:10.336845,0.6176,0.6176,0.582,0.8352,0.5986,0.6312,2014,DT,stand,RandomUnder
2014_RF,0:00:43.180821,0.8257,0.5067,0.4709,0.0175,0.7528,0.6849,2014,RF,non,non
2014_RF_norm,0:00:34.475429,0.8261,0.5,0.0,0.0,0.7474,0.5802,2014,RF,norm,non
2014_RF_stand,0:00:37.630464,0.8261,0.5,0.0,0.0,0.7474,0.5612,2014,RF,stand,non
2014_RF_SMOTE,0:01:04.756358,0.5071,0.5071,0.8161,0.0183,0.3524,0.683,2014,RF,non,SMOTE
2014_RF_SMOTE_norm,0:00:50.050953,0.5,0.5,0.0,0.0,0.3333,0.5607,2014,RF,norm,SMOTE
2014_RF_SMOTE_stand,0:00:49.283675,0.5,0.5,0.0,0.0,0.3333,0.5479,2014,RF,stand,SMOTE
2014_RF_RandomUnder,0:00:33.433000,0.5069,0.5069,0.829,0.0175,0.3516,0.6845,2014,RF,non,RandomUnder
2014_RF_RandomUnder_norm,0:00:32.778294,0.5,0.5,0.0,0.0,0.3333,0.5792,2014,RF,norm,RandomUnder
2014_RF_RandomUnder_stand,0:00:31.355110,0.5,0.5,0.0,0.0,0.3333,0.5677,2014,RF,stand,RandomUnder
2014_XGB,0:00:17.913802,0.8215,0.5171,0.3957,0.0504,0.7599,0.6809,2014,XGB,non,non
2014_XGB_norm,0:00:18.421442,0.6876,0.5303,0.2103,0.2891,0.7058,0.5576,2014,XGB,norm,non
2014_XGB_stand,0:00:18.286586,0.7112,0.526,0.2115,0.2421,0.7187,0.5539,2014,XGB,stand,non
2014_XGB_SMOTE,0:00:24.045382,0.5032,0.5032,0.5817,0.0225,0.3539,0.6789,2014,XGB,non,SMOTE
2014_XGB_SMOTE_norm,0:00:23.810524,0.4782,0.4782,0.4474,0.185,0.4292,0.487,2014,XGB,norm,SMOTE
2014_XGB_SMOTE_stand,0:00:23.617278,0.4868,0.4868,0.4609,0.156,0.4237,0.4927,2014,XGB,stand,SMOTE
2014_XGB_RandomUnder,0:00:17.530232,0.5171,0.5171,0.7562,0.0504,0.3826,0.679,2014,XGB,non,RandomUnder
2014_XGB_RandomUnder_norm,0:00:17.376543,0.5304,0.5304,0.5587,0.2891,0.5014,0.5585,2014,XGB,norm,RandomUnder
2014_XGB_RandomUnder_stand,0:00:17.316284,0.5172,0.5172,0.5441,0.2127,0.4679,0.5394,2014,XGB,stand,RandomUnder
2015_LR,0:00:14.638836,0.6603,0.649,0.3145,0.6305,0.6936,0.7077,2015,LR,non,non
2015_LR_norm,0:00:25.342459,0.1949,0.5,0.1949,1.0,0.0636,0.718,2015,LR,norm,non
2015_LR_stand,0:00:15.391429,0.5975,0.6515,0.2907,0.7401,0.6389,0.7109,2015,LR,stand,non
2015_LR_SMOTE,0:00:24.330115,0.6518,0.6518,0.6567,0.6361,0.6517,0.711,2015,LR,non,SMOTE
2015_LR_SMOTE_norm,0:00:37.946262,0.5,0.5,0.5,1.0,0.3334,0.6663,2015,LR,norm,SMOTE
2015_LR_SMOTE_stand,0:00:26.962925,0.6523,0.6523,0.649,0.6634,0.6523,0.7085,2015,LR,stand,SMOTE
2015_LR_RandomUnder,0:00:14.102917,0.6493,0.6493,0.6552,0.6305,0.6492,0.7077,2015,LR,non,RandomUnder
2015_LR_RandomUnder_norm,0:00:24.615755,0.5,0.5,0.5,1.0,0.3334,0.7178,2015,LR,norm,RandomUnder
2015_LR_RandomUnder_stand,0:00:14.637815,0.6527,0.6527,0.6501,0.6615,0.6527,0.711,2015,LR,stand,RandomUnder
2015_NB,0:00:14.692270,0.762,0.6154,0.3861,0.375,0.7607,0.7006,2015,NB,non,non
2015_NB_norm,0:00:14.840051,0.8051,0.5,0.0,0.0,0.7182,0.6077,2015,NB,norm,non
2015_NB_stand,0:00:14.871952,0.8051,0.5,0.0,0.0,0.7182,0.6044,2015,NB,stand,non
2015_NB_SMOTE,0:00:27.103178,0.6049,0.6049,0.7104,0.3541,0.5784,0.7084,2015,NB,non,SMOTE
2015_NB_SMOTE_norm,0:00:25.995440,0.5,0.5,0.0,0.0,0.3333,0.6023,2015,NB,norm,SMOTE
2015_NB_SMOTE_stand,0:00:26.642985,0.5,0.5,0.0,0.0,0.3333,0.5852,2015,NB,stand,SMOTE
2015_NB_RandomUnder,0:00:13.088990,0.6154,0.6154,0.7222,0.375,0.5918,0.7006,2015,NB,non,RandomUnder
2015_NB_RandomUnder_norm,0:00:13.077333,0.5,0.5,0.0,0.0,0.3333,0.6073,2015,NB,norm,RandomUnder
2015_NB_RandomUnder_stand,0:00:13.192910,0.5,0.5,0.0,0.0,0.3333,0.5928,2015,NB,stand,RandomUnder
2015_DT,0:00:12.863250,0.6995,0.6434,0.3352,0.5515,0.7234,0.7003,2015,DT,non,non
2015_DT_norm,0:00:13.188210,0.6328,0.6501,0.3027,0.6785,0.6707,0.6959,2015,DT,norm,non
2015_DT_stand,0:00:13.396784,0.5794,0.647,0.2834,0.7577,0.6218,0.6911,2015,DT,stand,non
2015_DT_SMOTE,0:00:23.404683,0.6059,0.6059,0.6429,0.4766,0.5992,0.6864,2015,DT,non,SMOTE
2015_DT_SMOTE_norm,0:00:24.299704,0.6441,0.6441,0.6379,0.6665,0.6439,0.6889,2015,DT,norm,SMOTE
2015_DT_SMOTE_stand,0:00:25.028086,0.643,0.643,0.6397,0.6551,0.643,0.6896,2015,DT,stand,SMOTE
2015_DT_RandomUnder,0:00:12.319197,0.6433,0.6433,0.6755,0.5515,0.6402,0.6997,2015,DT,non,RandomUnder
2015_DT_RandomUnder_norm,0:00:12.460555,0.6501,0.6501,0.642,0.6785,0.6498,0.6955,2015,DT,norm,RandomUnder
2015_DT_RandomUnder_stand,0:00:12.477750,0.6492,0.6492,0.6438,0.6679,0.649,0.6954,2015,DT,stand,RandomUnder
2015_RF,0:01:17.966916,0.8058,0.5253,0.5124,0.0656,0.74,0.7099,2015,RF,non,non
2015_RF_norm,0:01:03.667584,0.8051,0.5,0.0,0.0,0.7182,0.6681,2015,RF,norm,non
2015_RF_stand,0:01:05.383366,0.8051,0.5,0.0,0.0,0.7182,0.6594,2015,RF,stand,non
2015_RF_SMOTE,0:01:51.883067,0.5281,0.5281,0.8253,0.0714,0.4037,0.7046,2015,RF,non,SMOTE
2015_RF_SMOTE_norm,0:01:24.812977,0.5,0.5,0.0,0.0,0.3333,0.6291,2015,RF,norm,SMOTE
2015_RF_SMOTE_stand,0:01:26.431324,0.5,0.5,0.0,0.0,0.3333,0.6076,2015,RF,stand,SMOTE
2015_RF_RandomUnder,0:00:57.232533,0.5255,0.5255,0.8173,0.0656,0.3982,0.7101,2015,RF,non,RandomUnder
2015_RF_RandomUnder_norm,0:00:51.402205,0.5,0.5,0.0,0.0,0.3333,0.6672,2015,RF,norm,RandomUnder
2015_RF_RandomUnder_stand,0:00:52.956674,0.5,0.5,0.0,0.0,0.3333,0.6553,2015,RF,stand,RandomUnder
2015_XGB,0:00:25.002823,0.8048,0.5407,0.4954,0.1081,0.7505,0.7136,2015,XGB,non,non
2015_XGB_norm,0:00:25.598158,0.804,0.5058,0.4272,0.0173,0.7238,0.6429,2015,XGB,norm,non
2015_XGB_stand,0:00:26.125666,0.8043,0.5031,0.4058,0.0095,0.7213,0.636,2015,XGB,stand,non
2015_XGB_SMOTE,0:00:38.454726,0.5181,0.5181,0.702,0.0628,0.3921,0.7071,2015,XGB,non,SMOTE
2015_XGB_SMOTE_norm,0:00:37.621796,0.5003,0.5003,0.5282,0.0063,0.339,0.5949,2015,XGB,norm,SMOTE
2015_XGB_SMOTE_stand,0:00:38.349230,0.4999,0.4999,0.4899,0.0028,0.3357,0.5763,2015,XGB,stand,SMOTE
2015_XGB_RandomUnder,0:00:23.814323,0.5407,0.5407,0.8013,0.1081,0.435,0.7141,2015,XGB,non,RandomUnder
2015_XGB_RandomUnder_norm,0:00:24.912037,0.5056,0.5056,0.7407,0.0173,0.3508,0.6431,2015,XGB,norm,RandomUnder
2015_XGB_RandomUnder_stand,0:00:24.470113,0.5026,0.5026,0.7254,0.0082,0.3417,0.636,2015,XGB,stand,RandomUnder
2016_LR,0:00:12.326789,0.6692,0.6547,0.3203,0.6311,0.7014,0.7141,2016,LR,non,non
2016_LR_norm,0:00:16.940846,0.1938,0.5001,0.1937,1.0,0.0631,0.7251,2016,LR,norm,non
2016_LR_stand,0:00:12.425883,0.6145,0.6558,0.2968,0.7231,0.6549,0.7157,2016,LR,stand,non
2016_LR_SMOTE,0:00:16.350248,0.6598,0.6598,0.6659,0.6412,0.6596,0.7207,2016,LR,non,SMOTE
2016_LR_SMOTE_norm,0:00:21.208166,0.5001,0.5001,0.5,1.0,0.3335,0.6633,2016,LR,norm,SMOTE
2016_LR_SMOTE_stand,0:00:17.402619,0.6578,0.6578,0.657,0.6607,0.6578,0.717,2016,LR,stand,SMOTE
2016_LR_RandomUnder,0:00:12.134654,0.655,0.655,0.6628,0.6311,0.6548,0.7146,2016,LR,non,RandomUnder
2016_LR_RandomUnder_norm,0:00:17.292578,0.5001,0.5001,0.5,1.0,0.3334,0.7255,2016,LR,norm,RandomUnder
2016_LR_RandomUnder_stand,0:00:12.053066,0.6557,0.6557,0.6615,0.6377,0.6556,0.7156,2016,LR,stand,RandomUnder
2016_NB,0:00:12.184523,0.7737,0.6145,0.404,0.3546,0.7679,0.7066,2016,NB,non,non
2016_NB_norm,0:00:12.323929,0.8063,0.5,0.0,0.0,0.7199,0.6212,2016,NB,norm,non
2016_NB_stand,0:00:12.320952,0.8063,0.5,0.0,0.0,0.7199,0.6284,2016,NB,stand,non
2016_NB_SMOTE,0:00:16.556879,0.6061,0.6061,0.7289,0.3378,0.5755,0.717,2016,NB,non,SMOTE
2016_NB_SMOTE_norm,0:00:17.055838,0.5,0.5,0.0,0.0,0.3333,0.6243,2016,NB,norm,SMOTE
2016_NB_SMOTE_stand,0:00:16.726118,0.5,0.5,0.0,0.0,0.3333,0.6013,2016,NB,stand,SMOTE
2016_NB_RandomUnder,0:00:11.197270,0.6153,0.6153,0.741,0.3546,0.5873,0.707,2016,NB,non,RandomUnder
2016_NB_RandomUnder_norm,0:00:11.253289,0.5,0.5,0.0,0.0,0.3333,0.6217,2016,NB,norm,RandomUnder
2016_NB_RandomUnder_stand,0:00:11.378856,0.5,0.5,0.0,0.0,0.3333,0.6138,2016,NB,stand,RandomUnder
2016_DT,0:00:11.223703,0.5735,0.6504,0.2817,0.7758,0.6162,0.7067,2016,DT,non,non
2016_DT_norm,0:00:11.454251,0.4974,0.6345,0.2592,0.8584,0.5355,0.707,2016,DT,norm,non
2016_DT_stand,0:00:11.456811,0.4087,0.6032,0.2364,0.9206,0.426,0.699,2016,DT,stand,non
2016_DT_SMOTE,0:00:15.475895,0.6655,0.6655,0.6292,0.806,0.6587,0.7034,2016,DT,non,SMOTE
2016_DT_SMOTE_norm,0:00:16.006307,0.643,0.643,0.5976,0.8753,0.6226,0.6963,2016,DT,norm,SMOTE
2016_DT_SMOTE_stand,0:00:15.384878,0.6499,0.6499,0.6007,0.8942,0.6277,0.7006,2016,DT,stand,SMOTE
2016_DT_RandomUnder,0:00:10.994758,0.6509,0.6509,0.6208,0.7758,0.6454,0.7068,2016,DT,non,RandomUnder
2016_DT_RandomUnder_norm,0:00:11.088707,0.6357,0.6357,0.5939,0.8584,0.6166,0.7073,2016,DT,norm,RandomUnder
2016_DT_RandomUnder_stand,0:00:11.122250,0.6345,0.6345,0.5926,0.8609,0.6148,0.7061,2016,DT,stand,RandomUnder
2016_RF,0:00:42.235630,0.8088,0.5335,0.5414,0.0841,0.7477,0.7173,2016,RF,non,non
2016_RF_norm,0:00:37.076189,0.8063,0.5,0.0,0.0,0.7199,0.656,2016,RF,norm,non
2016_RF_stand,0:00:35.045495,0.8063,0.5,0.0,0.0,0.7199,0.6547,2016,RF,stand,non
2016_RF_SMOTE,0:00:56.346231,0.5332,0.5332,0.8298,0.0835,0.4148,0.7147,2016,RF,non,SMOTE
2016_RF_SMOTE_norm,0:00:46.156187,0.5,0.5,0.0,0.0,0.3333,0.6144,2016,RF,norm,SMOTE
2016_RF_SMOTE_stand,0:00:45.893457,0.5,0.5,0.0,0.0,0.3333,0.5932,2016,RF,stand,SMOTE
2016_RF_RandomUnder,0:00:32.769420,0.5338,0.5338,0.835,0.0841,0.4156,0.7186,2016,RF,non,RandomUnder
2016_RF_RandomUnder_norm,0:00:30.502314,0.5,0.5,0.0,0.0,0.3333,0.656,2016,RF,norm,RandomUnder
2016_RF_RandomUnder_stand,0:00:29.715832,0.5,0.5,0.0,0.0,0.3333,0.6504,2016,RF,stand,RandomUnder
2016_XGB,0:00:17.656335,0.8058,0.5509,0.4949,0.1348,0.7581,0.7119,2016,XGB,non,non
2016_XGB_norm,0:00:17.968101,0.6226,0.5673,0.2507,0.477,0.6583,0.597,2016,XGB,norm,non
2016_XGB_stand,0:00:18.238190,0.6615,0.5911,0.2801,0.4763,0.6898,0.6314,2016,XGB,stand,non
2016_XGB_SMOTE,0:00:22.312062,0.5263,0.5263,0.7213,0.0856,0.4121,0.7118,2016,XGB,non,SMOTE
2016_XGB_SMOTE_norm,0:00:23.726825,0.5041,0.5041,0.506,0.3507,0.4922,0.5238,2016,XGB,norm,SMOTE
2016_XGB_SMOTE_stand,0:00:22.948097,0.5181,0.5181,0.5286,0.3341,0.5012,0.5515,2016,XGB,stand,SMOTE
2016_XGB_RandomUnder,0:00:17.556380,0.5512,0.5512,0.8058,0.1348,0.4571,0.7137,2016,XGB,non,RandomUnder
2016_XGB_RandomUnder_norm,0:00:17.847759,0.5676,0.5676,0.5824,0.4776,0.5641,0.5964,2016,XGB,norm,RandomUnder
2016_XGB_RandomUnder_stand,0:00:20.319338,0.5785,0.5785,0.6041,0.4557,0.5721,0.6143,2016,XGB,stand,RandomUnder
2017_LR,0:00:11.203279,0.6544,0.6415,0.3514,0.6179,0.6803,0.6984,2017,LR,non,non
2017_LR_norm,0:00:11.079746,0.3711,0.5734,0.258,0.9438,0.3493,0.6922,2017,LR,norm,non
2017_LR_stand,0:00:11.123868,0.6145,0.6421,0.3324,0.6928,0.6457,0.6957,2017,LR,stand,non
2017_LR_SMOTE,0:00:13.076291,0.6436,0.6436,0.6501,0.6221,0.6434,0.7026,2017,LR,non,SMOTE
2017_LR_SMOTE_norm,0:00:12.971979,0.5851,0.5851,0.5482,0.9673,0.5142,0.6586,2017,LR,norm,SMOTE
2017_LR_SMOTE_stand,0:00:13.347115,0.6413,0.6413,0.6455,0.627,0.6413,0.6988,2017,LR,stand,SMOTE
2017_LR_RandomUnder,0:00:11.261150,0.6412,0.6412,0.6482,0.6179,0.6411,0.6984,2017,LR,non,RandomUnder
2017_LR_RandomUnder_norm,0:00:10.910569,0.5737,0.5737,0.5424,0.9438,0.5061,0.6926,2017,LR,norm,RandomUnder
2017_LR_RandomUnder_stand,0:00:10.979582,0.6421,0.6421,0.6481,0.6217,0.6419,0.6965,2017,LR,stand,RandomUnder
2017_NB,0:00:10.988042,0.7445,0.5928,0.4169,0.3148,0.7311,0.6893,2017,NB,non,non
2017_NB_norm,0:00:11.056930,0.773,0.5,0.0,0.0,0.6741,0.6099,2017,NB,norm,non
2017_NB_stand,0:00:11.051914,0.773,0.5,0.0,0.0,0.6741,0.6145,2017,NB,stand,non
2017_NB_SMOTE,0:00:13.111642,0.5824,0.5824,0.6947,0.2941,0.5446,0.6975,2017,NB,non,SMOTE
2017_NB_SMOTE_norm,0:00:13.427942,0.5,0.5,0.0,0.0,0.3333,0.6025,2017,NB,norm,SMOTE
2017_NB_SMOTE_stand,0:00:13.305535,0.5,0.5,0.0,0.0,0.3333,0.5877,2017,NB,stand,SMOTE
2017_NB_RandomUnder,0:00:10.522194,0.5917,0.5917,0.7056,0.3148,0.5578,0.6891,2017,NB,non,RandomUnder
2017_NB_RandomUnder_norm,0:00:10.518647,0.5,0.5,0.0,0.0,0.3333,0.6109,2017,NB,norm,RandomUnder
2017_NB_RandomUnder_stand,0:00:10.484461,0.5,0.5,0.0,0.0,0.3333,0.6071,2017,NB,stand,RandomUnder
2017_DT,0:00:10.399037,0.6625,0.6346,0.3528,0.5833,0.6862,0.683,2017,DT,non,non
2017_DT_norm,0:00:10.615288,0.5511,0.6318,0.3073,0.7795,0.5832,0.6424,2017,DT,norm,non
2017_DT_stand,0:00:10.516792,0.5511,0.6318,0.3073,0.7795,0.5832,0.6424,2017,DT,stand,non
2017_DT_SMOTE,0:00:12.341244,0.648,0.648,0.6601,0.6102,0.6475,0.6998,2017,DT,non,SMOTE
2017_DT_SMOTE_norm,0:00:12.440220,0.652,0.652,0.6138,0.82,0.6419,0.6631,2017,DT,norm,SMOTE
2017_DT_SMOTE_stand,0:00:12.733844,0.6459,0.6459,0.6226,0.7408,0.6427,0.6631,2017,DT,stand,SMOTE
2017_DT_RandomUnder,0:00:10.345437,0.6362,0.6362,0.6524,0.5833,0.6352,0.6837,2017,DT,non,RandomUnder
2017_DT_RandomUnder_norm,0:00:10.365535,0.6316,0.6316,0.6016,0.7795,0.6234,0.6421,2017,DT,norm,RandomUnder
2017_DT_RandomUnder_stand,0:00:10.359757,0.6362,0.6362,0.6164,0.7211,0.6336,0.6514,2017,DT,stand,RandomUnder
2017_RF,0:00:28.114737,0.7752,0.5255,0.538,0.0681,0.7008,0.7033,2017,RF,non,non
2017_RF_norm,0:00:25.141371,0.773,0.5,0.3333,0.0,0.6741,0.6541,2017,RF,norm,non
2017_RF_stand,0:00:23.850869,0.773,0.5001,0.3846,0.0002,0.6741,0.6668,2017,RF,stand,non
2017_RF_SMOTE,0:00:35.403112,0.5258,0.5258,0.8003,0.0688,0.4006,0.7025,2017,RF,non,SMOTE
2017_RF_SMOTE_norm,0:00:28.309102,0.5001,0.5001,0.8571,0.0002,0.3335,0.6366,2017,RF,norm,SMOTE
2017_RF_SMOTE_stand,0:00:29.215945,0.5002,0.5002,0.814,0.0005,0.3339,0.6396,2017,RF,stand,SMOTE
2017_RF_RandomUnder,0:00:22.927701,0.5256,0.5256,0.8012,0.0681,0.4,0.7034,2017,RF,non,RandomUnder
2017_RF_RandomUnder_norm,0:00:21.478790,0.5,0.5,1.0,0.0,0.3334,0.6553,2017,RF,norm,RandomUnder
2017_RF_RandomUnder_stand,0:00:21.639229,0.5001,0.5001,0.6364,0.0003,0.3337,0.6672,2017,RF,stand,RandomUnder
2017_XGB,0:00:14.393056,0.7708,0.5513,0.484,0.1492,0.7208,0.6987,2017,XGB,non,non
2017_XGB_norm,0:00:14.883353,0.7237,0.5509,0.3416,0.2346,0.7041,0.6157,2017,XGB,norm,non
2017_XGB_stand,0:00:14.337044,0.7401,0.5472,0.3639,0.1939,0.7088,0.62,2017,XGB,stand,non
2017_XGB_SMOTE,0:00:16.302497,0.5266,0.5266,0.6813,0.0999,0.4212,0.7027,2017,XGB,non,SMOTE
2017_XGB_SMOTE_norm,0:00:16.667627,0.4972,0.4972,0.4892,0.1271,0.4174,0.5209,2017,XGB,norm,SMOTE
2017_XGB_SMOTE_stand,0:00:16.980736,0.4976,0.4976,0.4861,0.0847,0.3943,0.5106,2017,XGB,stand,SMOTE
2017_XGB_RandomUnder,0:00:14.350784,0.5512,0.5512,0.7609,0.1492,0.4647,0.6985,2017,XGB,non,RandomUnder
2017_XGB_RandomUnder_norm,0:00:14.030056,0.5494,0.5494,0.6335,0.2346,0.4998,0.6162,2017,XGB,norm,RandomUnder
2017_XGB_RandomUnder_stand,0:00:14.356392,0.5402,0.5402,0.6511,0.1731,0.4686,0.6142,2017,XGB,stand,RandomUnder
2018_LR,0:00:11.675400,0.6569,0.6528,0.3594,0.6452,0.6829,0.708,2018,LR,non,non
2018_LR_norm,0:00:12.940393,0.2896,0.5352,0.2413,0.9865,0.2073,0.7052,2018,LR,norm,non
2018_LR_stand,0:00:11.840260,0.6172,0.6467,0.3368,0.7009,0.648,0.6972,2018,LR,stand,non
2018_LR_SMOTE,0:00:14.650572,0.6527,0.6527,0.6551,0.645,0.6527,0.7102,2018,LR,non,SMOTE
2018_LR_SMOTE_norm,0:00:15.580747,0.5377,0.5377,0.5198,0.9916,0.4178,0.6693,2018,LR,norm,SMOTE
2018_LR_SMOTE_stand,0:00:14.713413,0.646,0.646,0.647,0.6427,0.646,0.6988,2018,LR,stand,SMOTE
2018_LR_RandomUnder,0:00:11.506704,0.653,0.653,0.6555,0.6452,0.653,0.7087,2018,LR,non,RandomUnder
2018_LR_RandomUnder_norm,0:00:12.499033,0.5354,0.5354,0.5186,0.9865,0.4168,0.7049,2018,LR,norm,RandomUnder
2018_LR_RandomUnder_stand,0:00:11.656782,0.6454,0.6454,0.6493,0.6325,0.6454,0.6984,2018,LR,stand,RandomUnder
2018_NB,0:00:11.542779,0.7334,0.6032,0.4056,0.3639,0.7282,0.6951,2018,NB,non,non
2018_NB_norm,0:00:11.662214,0.772,0.5,0.0,0.0,0.6727,0.62,2018,NB,norm,non
2018_NB_stand,0:00:11.565168,0.772,0.5,0.0,0.0,0.6727,0.6264,2018,NB,stand,non
2018_NB_SMOTE,0:00:14.802656,0.5902,0.5902,0.6821,0.3379,0.5623,0.7021,2018,NB,non,SMOTE
2018_NB_SMOTE_norm,0:00:15.541782,0.5,0.5,0.0,0.0,0.3333,0.6234,2018,NB,norm,SMOTE
2018_NB_SMOTE_stand,0:00:15.062542,0.5,0.5,0.0,0.0,0.3333,0.6023,2018,NB,stand,SMOTE
2018_NB_RandomUnder,0:00:10.922342,0.6031,0.6031,0.6978,0.3639,0.579,0.6955,2018,NB,non,RandomUnder
2018_NB_RandomUnder_norm,0:00:10.979234,0.5,0.5,0.0,0.0,0.3333,0.6186,2018,NB,norm,RandomUnder
2018_NB_RandomUnder_stand,0:00:11.036939,0.5,0.5,0.0,0.0,0.3333,0.6213,2018,NB,stand,RandomUnder
2018_DT,0:00:10.757881,0.627,0.6466,0.3411,0.6827,0.6569,0.6877,2018,DT,non,non
2018_DT_norm,0:00:10.986814,0.6332,0.6359,0.339,0.641,0.6619,0.6646,2018,DT,norm,non
2018_DT_stand,0:00:10.946595,0.6549,0.6323,0.3485,0.5906,0.6797,0.6641,2018,DT,stand,non
2018_DT_SMOTE,0:00:15.240851,0.661,0.661,0.6463,0.7115,0.6602,0.7045,2018,DT,non,SMOTE
2018_DT_SMOTE_norm,0:00:14.333906,0.642,0.642,0.6389,0.6531,0.6419,0.6806,2018,DT,norm,SMOTE
2018_DT_SMOTE_stand,0:00:14.130448,0.6256,0.6256,0.6584,0.5219,0.6215,0.6878,2018,DT,stand,SMOTE
2018_DT_RandomUnder,0:00:10.719285,0.646,0.646,0.636,0.6827,0.6455,0.6879,2018,DT,non,RandomUnder
2018_DT_RandomUnder_norm,0:00:10.762490,0.636,0.636,0.6346,0.641,0.636,0.665,2018,DT,norm,RandomUnder
2018_DT_RandomUnder_stand,0:00:10.686324,0.6233,0.6233,0.6566,0.5169,0.619,0.67,2018,DT,stand,RandomUnder
2018_RF,0:00:35.887888,0.7762,0.5367,0.5531,0.0964,0.7097,0.716,2018,RF,non,non
2018_RF_norm,0:00:28.707842,0.772,0.5,1.0,0.0001,0.6727,0.6545,2018,RF,norm,non
2018_RF_stand,0:00:30.263157,0.772,0.5,1.0,0.0,0.6727,0.6512,2018,RF,stand,non
2018_RF_SMOTE,0:00:45.992525,0.5358,0.5358,0.8043,0.0946,0.4236,0.7178,2018,RF,non,SMOTE
2018_RF_SMOTE_norm,0:00:37.123176,0.5,0.5,1.0,0.0,0.3334,0.6654,2018,RF,norm,SMOTE
2018_RF_SMOTE_stand,0:00:36.631566,0.5,0.5,0.0,0.0,0.3333,0.6607,2018,RF,stand,SMOTE
2018_RF_RandomUnder,0:00:28.943853,0.5365,0.5365,0.8043,0.0964,0.4252,0.716,2018,RF,non,RandomUnder
2018_RF_RandomUnder_norm,0:00:25.129675,0.5,0.5,1.0,0.0001,0.3334,0.6546,2018,RF,norm,RandomUnder
2018_RF_RandomUnder_stand,0:00:26.271353,0.5,0.5,0.0,0.0,0.3333,0.6475,2018,RF,stand,RandomUnder
2018_XGB,0:00:16.076102,0.7731,0.5649,0.5064,0.1823,0.7295,0.7138,2018,XGB,non,non
2018_XGB_norm,0:00:16.464897,0.7254,0.5764,0.3738,0.3025,0.7147,0.6565,2018,XGB,norm,non
2018_XGB_stand,0:00:16.836453,0.7518,0.5446,0.3935,0.1636,0.7105,0.6483,2018,XGB,stand,non
2018_XGB_SMOTE,0:00:19.289115,0.5354,0.5354,0.7014,0.1232,0.4403,0.7052,2018,XGB,non,SMOTE
2018_XGB_SMOTE_norm,0:00:19.429060,0.536,0.536,0.5969,0.2216,0.4851,0.6225,2018,XGB,norm,SMOTE
2018_XGB_SMOTE_stand,0:00:19.508619,0.5048,0.5048,0.54,0.0652,0.3862,0.5745,2018,XGB,stand,SMOTE
2018_XGB_RandomUnder,0:00:15.266309,0.5648,0.5648,0.7761,0.1823,0.4902,0.714,2018,XGB,non,RandomUnder
2018_XGB_RandomUnder_norm,0:00:15.700273,0.5766,0.5766,0.6696,0.3025,0.5422,0.6566,2018,XGB,norm,RandomUnder
2018_XGB_RandomUnder_stand,0:00:16.578587,0.5355,0.5355,0.6958,0.1261,0.4419,0.6365,2018,XGB,stand,RandomUnder
2019_LR,0:00:10.123544,0.6387,0.6418,0.2668,0.6464,0.6831,0.6913,2019,LR,non,non
2019_LR_norm,0:00:10.962383,0.2512,0.5386,0.1816,0.9735,0.2071,0.6939,2019,LR,norm,non
2019_LR_stand,0:00:10.299707,0.6053,0.6378,0.2543,0.6871,0.6545,0.6842,2019,LR,stand,non
2019_LR_SMOTE,0:00:10.851739,0.6436,0.6436,0.6418,0.6501,0.6436,0.6936,2019,LR,non,SMOTE
2019_LR_SMOTE_norm,0:00:11.161007,0.5438,0.5438,0.5233,0.984,0.4342,0.6638,2019,LR,norm,SMOTE
2019_LR_SMOTE_stand,0:00:11.009520,0.6369,0.6369,0.6467,0.6037,0.6365,0.6887,2019,LR,stand,SMOTE
2019_LR_RandomUnder,0:00:10.230833,0.6425,0.6425,0.6415,0.6464,0.6425,0.6917,2019,LR,non,RandomUnder
2019_LR_RandomUnder_norm,0:00:10.446438,0.5352,0.5352,0.5187,0.9748,0.4238,0.6953,2019,LR,norm,RandomUnder
2019_LR_RandomUnder_stand,0:00:10.147512,0.6399,0.6399,0.6441,0.6254,0.6399,0.6866,2019,LR,stand,RandomUnder
2019_NB,0:00:10.039162,0.7956,0.5693,0.3442,0.2268,0.778,0.6851,2019,NB,non,non
2019_NB_norm,0:00:10.130164,0.8303,0.5006,0.4643,0.0017,0.754,0.6149,2019,NB,norm,non
2019_NB_stand,0:00:10.178751,0.8304,0.5,0.0,0.0,0.7534,0.6516,2019,NB,stand,non
2019_NB_SMOTE,0:00:10.905911,0.5441,0.5441,0.6666,0.1765,0.4729,0.6866,2019,NB,non,SMOTE
2019_NB_SMOTE_norm,0:00:11.049187,0.5,0.5,0.4643,0.0003,0.3336,0.6378,2019,NB,norm,SMOTE
2019_NB_SMOTE_stand,0:00:10.993120,0.5,0.5,0.0,0.0,0.3333,0.6294,2019,NB,stand,SMOTE
2019_NB_RandomUnder,0:00:09.875449,0.571,0.571,0.7281,0.2268,0.5134,0.6861,2019,NB,non,RandomUnder
2019_NB_RandomUnder_norm,0:00:09.886320,0.5007,0.5007,0.8125,0.0017,0.3351,0.6163,2019,NB,norm,RandomUnder
2019_NB_RandomUnder_stand,0:00:09.875392,0.5,0.5,0.0,0.0,0.3333,0.6479,2019,NB,stand,RandomUnder
2019_DT,0:00:09.897202,0.6131,0.6313,0.2535,0.6589,0.6613,0.6714,2019,DT,non,non
2019_DT_norm,0:00:09.900332,0.8304,0.5,0.0,0.0,0.7534,0.5958,2019,DT,norm,non
2019_DT_stand,0:00:09.921175,0.8304,0.5,0.0,0.0,0.7534,0.5792,2019,DT,stand,non
2019_DT_SMOTE,0:00:10.487831,0.6304,0.6304,0.6238,0.6571,0.6301,0.6698,2019,DT,non,SMOTE
2019_DT_SMOTE_norm,0:00:10.529228,0.5,0.5,0.0,0.0,0.3333,0.6132,2019,DT,norm,SMOTE
2019_DT_SMOTE_stand,0:00:10.450841,0.5,0.5,0.0,0.0,0.3333,0.6132,2019,DT,stand,SMOTE
2019_DT_RandomUnder,0:00:09.842217,0.629,0.629,0.6218,0.6589,0.6287,0.6693,2019,DT,non,RandomUnder
2019_DT_RandomUnder_norm,0:00:09.817103,0.5,0.5,0.0,0.0,0.3333,0.5962,2019,DT,norm,RandomUnder
2019_DT_RandomUnder_stand,0:00:09.821148,0.5,0.5,0.0,0.0,0.3333,0.5962,2019,DT,stand,RandomUnder
2019_RF,0:00:17.373080,0.8308,0.5074,0.5326,0.0181,0.7593,0.7066,2019,RF,non,non
2019_RF_norm,0:00:16.213749,0.8304,0.5,0.0,0.0,0.7534,0.6473,2019,RF,norm,non
2019_RF_stand,0:00:16.489728,0.8304,0.5,0.0,0.0,0.7534,0.6422,2019,RF,stand,non
2019_RF_SMOTE,0:00:21.419321,0.5031,0.5031,0.7453,0.0095,0.3431,0.7111,2019,RF,non,SMOTE
2019_RF_SMOTE_norm,0:00:18.232168,0.5,0.5,0.0,0.0,0.3333,0.6454,2019,RF,norm,SMOTE
2019_RF_SMOTE_stand,0:00:18.482322,0.5,0.5,0.0,0.0,0.3333,0.629,2019,RF,stand,SMOTE
2019_RF_RandomUnder,0:00:14.807504,0.5074,0.5074,0.8424,0.0181,0.3524,0.7044,2019,RF,non,RandomUnder
2019_RF_RandomUnder_norm,0:00:14.184822,0.5,0.5,0.0,0.0,0.3333,0.6473,2019,RF,norm,RandomUnder
2019_RF_RandomUnder_stand,0:00:14.103226,0.5,0.5,0.0,0.0,0.3333,0.6466,2019,RF,stand,RandomUnder
2019_XGB,0:00:12.193595,0.8245,0.5425,0.4347,0.1159,0.7798,0.6971,2019,XGB,non,non
2019_XGB_norm,0:00:12.223828,0.7356,0.538,0.2306,0.239,0.7375,0.6208,2019,XGB,norm,non
2019_XGB_stand,0:00:11.993459,0.7084,0.5651,0.246,0.3481,0.7271,0.6346,2019,XGB,stand,non
2019_XGB_SMOTE,0:00:12.476394,0.5169,0.5169,0.6772,0.0646,0.3926,0.6995,2019,XGB,non,SMOTE
2019_XGB_SMOTE_norm,0:00:12.594754,0.5071,0.5071,0.5208,0.1771,0.4468,0.6157,2019,XGB,norm,SMOTE
2019_XGB_SMOTE_stand,0:00:12.606054,0.5251,0.5251,0.5581,0.2406,0.4833,0.6155,2019,XGB,stand,SMOTE
2019_XGB_RandomUnder,0:00:11.729040,0.5418,0.5418,0.7824,0.1159,0.4403,0.6982,2019,XGB,non,RandomUnder
2019_XGB_RandomUnder_norm,0:00:11.885799,0.5428,0.5428,0.6031,0.2503,0.5,0.6289,2019,XGB,norm,RandomUnder
2019_XGB_RandomUnder_stand,0:00:11.715972,0.5621,0.5621,0.6313,0.2987,0.5295,0.6359,2019,XGB,stand,RandomUnder
